01CYBATON,PLVCAOC00015
06MAGNA,PLNFI0600010
08OCTAVA,PLNFI0800016
11BIT,PL11BTS00015
2CP0415,PL2CPRT00022
2CP0914,PL2CPRT00014
2CPARTNER,PL2CPRT00030
2INTELLECT,PL2INTC00018
4FUNMEDIA,PL4FNMD00013
5THAVENUE,PL5AVNH00013
8FORMULA,PLFORM800015
ABAK,PLABAK000013
ABCDATA,PLABCDT00014
ABMSOLID,PLABMSD00015
ABPL,PLAB00000019
ABPOL,PLABPLC00015
ABSINVEST,PLABSIN00012
ACARTUS,PLACRTS00018
ACAUTOGAZ,PLACSA000014
ACE,LU0299378421
ACREBIT,PLACREO00019
ACTION,PLACTIN00018
ADB0115,PLADMBT00062
ADB0415,PLADMBT00096
ADFORM,PLADFRM00026
ADM0115,PLADMBT00054
ADM0415,PLADMBT00047
ADM0714,PLADMBT00088
ADMASSIVE,PLADMSV00013
ADMIRAL,PLADMBT00013
ADUMA,PLADUMA00013
ADVADIS,PLMBRST00015
ADVERTIGO,PLADMSC00013
AEDES,PLAEDES00016
AERFINANC,GB00B42V2T10
AFHOL,PLMNTHL00016
AGORA,PLAGORA00067
AGROLIGA,CY0101452114
AGROMA,PLAGROM00013
AGROMEP,PLAGRMP00010
AGROTON,CY0101062111
AGROTOUR,PLAGRTR00011
AGROWILL,LT0000127466
AGTES,PLAGTES00017
AHGROUP,PLDAABH00013
AIRMARKET,PLAIRMK00017
AITON,PLATCDL00013
AKCEPTFIN,PLAKCFN00013
ALCHEMIA,PLGRBRN00012
ALDA,PLALDA000010
ALEJA,PLALSMC00016
ALFASTAR,PLDBNSZ00010
ALIOR,PLALIOR00045
ALKAL,PLALKAL00019
ALMA,PLKRCHM00015
ALTA,PLTRNSU00013
ALTERCO,PLSRBEX00014
ALUMAST,PLALMST00010
AMBRA,PLAMBRA00013
AMICA,PLAMICA00010
AMPLI,PLAMPLI00019
AMREST,NL0000474351
ANALIZY,PLONLIN00013
AOW0416,PLAOWFK00035
APATOR,PLAPATR00018
APIS,PLHMSG000019
APLISENS,PLAPLS000016
APS,PLPOMST00012
APSENERGY,PLAPSEN00011
AQUABB,PLAQUA000014
AQUAPOZ,PLAQA0000014
ARAMUS,PLPNCNR00010
ARCTIC,PLARTPR00012
ARCUS,PLARCUS00040
ARI,PLAGRIN00013
ARK2FRN15,PLARKA200011
ARKASWE17,PLAASWE00014
ARN0315,PLAIRON00017
ARTBIZNES,PLARTBM00013
ARTEFE,PLARTFE00011
ARTERIA,PLARTER00016
ARTNEWMED,PLANMD000014
ASBIS,CY1000031710
ASMGROUP,PLASMGR00014
ASSECOBS,PLABS0000018
ASSECOPOL,PLSOFTB00016
ASSECOSEE,PLASSEE00014
ASSECOSLO,SK1120009230
ASSETUS,PLASSTS00012
ASTARTA,NL0000686509
ASTORIA,PLBIOMD00017
ASTRO,PLASTRO00013
ATCCARGO,PLATCRG00013
ATENDE,PLATMSI00016
ATLANTAPL,PLATLPL00018
ATLANTIS,PLATLNT00016
ATLASEST,GB00B0WDBP88
ATM,PLATMSA00013
ATMGRUPA,PLATM0000021
ATONHT,PLATNHT00014
ATREM,PLATREM00017
AUT0217,PLPCCTH00011
AUTOSPA,PLAUTSP00014
AVIAAML,LT0000128555
AVIASG,LT0000128381
AWBUD,PLINSTL00011
AZTEC,PLAZTEC00011
B2BPARTNER,PLZKPCM00011
B3SYSTEM,PLBSSTM00013
BAKALLAND,PLBKLND00017
BALTICINV,PLINPNT00013
BALTICON,PLBLT0000013
BALTONA,PLBALTN00014
BANKBPH,PLBPH0000019
BAR1125,PL0029200017
BAUMAL,PLBMLGR00017
BBCONSULT,PLBBCLS00017
BBD0215,PLNFI1200125
BBF0615,PLBBF0000013
BBI0215,PLNFI1200133
BBI0216,PLNFI1200141
BBI0217,PLNFI1200158
BBIDEV,PLNFI1200018
BBS1225,PLBBSDR00012
BEDZIN,PLECBDZ00013
BENEFIT,PLBNFTS00018
BERLING,PLBRLNG00015
BEST,PLBEST000010
BETACOM,PLBTCOM00016
BETOMAX,PLBETMX00013
BGE,PLBGE0000015
BGSENERGY,CZ0005121707
BGZ,PLBGZ0000010
BINARY,PLBNRHL00013
BIOERG,PLBIORG00019
BIOFACTOR,PLBFCTR00013
BIOGENED,PLBIOGN00018
BIOMASS,PLBMSEP00011
BIOMAX,PLBOMAX00012
BIOMAXIMA,PLBIOMX00015
BIOMEDLUB,PLBMDLB00018
BIOTON,PLBIOTN00029
BIPROMET,PLBPRMT00011
BLACKLION,PLNFI0400015
BLACKPOIN,PLBLKPT00018
BLIRT,PLBLIRT00018
BLOOBER,PLBLOBR00014
BLUETAX,PLBLTXG00010
BLUMERANG,PLBLMPI00017
BMPAG,DE0003304200
BNPPL,PLPPAB000011
BOA,PLDRKND00010
BOE1014,PLBOS0000084
BOGDANKA,PLLWBGD00016
BOM0221,PLBSPOM00010
BOMEDIA,PLBLOCM00013
BOOMERANG,PLBMRNG00013
BORUTA,PLBRTZM00010
BORYSZEW,PLBRSZW00011
BOS,PLBOS0000019
BOWIM,PLBOWM000019
BPC,PLBLKPC00014
BPHFIZBI1,PLBPHBI00018
BPHFIZBI2,PLBPHBD00019
BPHFIZBI3,PLBPHBT00015
BPHFIZBI4,PLBPHBC00011
BPHFIZBI5,PLBPHBP00013
BPHFIZBI6,PLBPHBS00017
BPHFIZDS,PLBPHDS00013
BPHFIZKK,PLCABPL00015
BPHFIZMLI,PLBPHMI00015
BPHFIZSN,PLBPHSN00012
BPHFIZSN2,PLBPHSR00013
BPI,PLCRBON00018
BPL0421,PLBSPLS00013
BPL0422,PLBSPLS00021
BPO0721,PLBPCZT00015
BPO1022,PLBPCZT00031
BPO1216,PLBPCZT00049
BPS0718,PLBPS0000032
BPS0720,PLBPS0000024
BPS1122,PLBPS0000040
BPT0620,PLBSPT000017
BPX,PLDOMEX00010
BRASTER,PLBRSTR00014
BRB0425,PLBSBR000023
BRD1023,PL0019200019
BRIJU,PLBRIJU00010
BROADGATE,PLBRDGT00019
BRZ1016,PL0012200016
BRZ1126,PL0012200024
BRZ1127,PL0012200032
BSC0620,PLPBSC000016
BSC0621,PLPBSC000024
BSC0927,PLPBSC000032
BSCDRUK,PLBSCDO00017
BSL0521,PLBSLIM00011
BSP0620,PLBSPIA00017
BSS0418,PLBSSKR00011
BST0418,PLBEST000127
BST0516,PLBEST000101
BST0916,PLBEST000119
BSW0323,PLSBRIR00033
BSW0424,PLSBRIR00041
BSW0715,PLSBRIR00025
BSW0721,PLSBRIR00017
BTG1215,PLBLTXG00036
BTY0317,PLBSTCH00025
BTY1216,PLBSTCH00017
BUDIMEX,PLBUDMX00013
BUDOPOL,PLBDPWR00014
BUDVARCEN,PLBDVR000018
BUMECH,PLBMECH00012
BUWOG,AT00BUWOG001
BYTOM,PLBYTOM00010
BZW1216,PLBZ00000150
BZWBK,PLBZ00000044
BZWP30914,XS0729092329
BZWPR0814,XS0706605390
CALATRAVA,PLBRSTM00015
CALESCO,PLCLESC00019
CAMMEDIA,PLCAMMD00032
CAP0715,PLCPPRK00011
CAPITAL,PLCPTLP00015
CAS0515,PLCSSFN00018
CAS1216,PLCSSFN00026
CASHFLOW,PLCASHF00018
CASPAR,PLCSPAM00017
CCA0216,PLCRTCP00036
CCC,PLCCC0000016
CCENERGY,PLKAREN00014
CCS,PLCCS0000012
CCTOOLS,PLCCTLS00017
CDE,PLCDE0000010
CDL1014,PLCDRL000019
CDPROJEKT,PLOPTTC00011
CELTIC,PLCELPD00013
CENTURION,PLSTRGM00014
CERABUD,PLCRBUD00016
CEREALPLT,CY0103021610
CERTUS,PLCRTCP00010
CEZ,CZ0005112300
CFBPS,PLCFBPS00019
CHEMOS,PLCHMDW00010
CIECH,PLCIECH00018
CIG1214,PLCTINT00059
CIGAMES,PLCTINT00018
CLOUD,PLCLDTC00019
CNT,PLERGPL00014
COALENERG,LU0646112838
COGNOR,PLCNTSL00014
COLIAN,PLJTRZN00011
COLOMEDIC,PLCOLES00014
COLUMBUS,PLSTIGR00012
COMARCH,PLCOMAR00012
COMP,PLCMP0000017
COMPERIA,PLCOMPR00010
COMPRESS,PLCMPRS00011
COPERNIC,PLCPRSC00012
CORMAY,PLCMRAY00029
CPGROUP,PLCPPRK00037
CRS0416,PLCPRSC00020
CSY,PLCSYSA00016
CUBEITG,PLMCINT00013
CWPE,PLCWPE000017
CYFRPLSAT,PLCFRPT00013
CYG,PLABNET00019
CZT0416,PLCRWTR00048
CZTOREBKA,PLCRWTR00022
DANKS,PLDANKS00014
DASE,PLDSFNG00011
DBGBSH0118,DE000DE3WDE4
DBGBSH1117,DE000DE3WCF3
DBHSCE0418,DE000DE8FEY4
DBOESX1016,DE000DE3WB90
DBSTXE0218,DE000DE8F400
DBSTXE0316,DE000DE8F6R8
DBSTXE0517,DE000DE8FH25
DBSTXE0717,DE000DE3CPN1
DBSTXE0917,DE000DE3CW16
DBW20S0317,DE000DE3CDU2
DBW20S0417,DE000DE3CKS1
DBW20S0517,DE000DE3CLF6
DBW20S0817,DE000DE3CSQ8
DBWIGI0714,DE000DE295T8
DBWSTX1115,DE000DB3G9H3
DEBICA,PLDEBCA00016
DECORA,PLDECOR00013
DEKTRA,PLDKTRA00013
DELKO,PLDELKO00019
DEMOLEN,PLDEMOL00015
DENTAMDC,PLDNTMD00012
DEPEND,PLDEPND00017
DEVORAN,PLVGUAR00011
DFP,PLDFP0000019
DGA,PLDGA0000019
DIGATE,PLNOVIN00012
DIGITAL,PLDGTAV00013
DMM0914,PLDMINM00016
DMM1014,PLDMINM00024
DMWDM,PLWDM0000029
DOMDEV,PLDMDVL00012
DOMENOMAN,PLDMNMN00016
DOMLEK,PLDMLKR00023
DOMZDROW,PLDZDRW00019
DORADCY24,PLDRD2400010
DRAGOWSKI,PLADDRG00015
DREWEX,PLDREWX00012
DROP,PLDROP000011
DROZAPOL,PLDRZPL00032
DRUKPAK,PLDRKPK00010
DS0725,PL0000108197
DS1015,PL0000103602
DS1017,PL0000104543
DS1019,PL0000105441
DS1020,PL0000106126
DS1021,PL0000106670
DS1023,PL0000107264
DSS,PLDLSS000010
DTP,PLDTP0000010
DTP0816,PLDPTRP00028
DTP1114,PLDPTRP00010
DUDA,PLDUDA000016
DUON,PLCPENR00035
DXD,PLDDSA000010
DYWILAN,PLDWLAN00014
EASTSIDE,PLEENRG00014
EASYCALL,PLESCLL00010
EBC,PLEBCSL00011
ECA,PLAUXLM00026
ECARD,PLECARD00012
ECHO,PLECHPS00019
ECI0115,PLECISC00015
ECOTECH,PLECTPL00019
ECS0115,PLECISC00023
EDINVEST,PLEDINV00014
EDISON,PLEDSON00018
EFEKT,PLEFEKT00018
EFENERGII,PLINTRW00028
EFH,PLEFH0000022
EFICOM,PLEFCOM00019
EFIXDM,PLEFIX000012
EFM0915,PLERPFM00014
EGB,PLEGBIV00012
EIB0617,PL0000400024
EKA0215,PLEKGPF00136
EKA0515,PLEKGPF00151
EKA0616,PLEKGPF00177
EKA0715,PLEKGPF00102
EKA0816,PLEKGPF00219
EKA1014,PLEKGPF00110
EKA1016,PLEKGPF00185
EKA1115,PLEKGPF00144
EKA1214,PLEKGPF00128
EKA1215,PLEKGPF00193
EKANCELAR,PLEKGPF00011
EKIOSK,PLEKOSK00019
EKK1016,PLEKGPF00227
EKK1215,PLEKGPF00201
EKOBOX,PLEKOBX00018
EKOEXPORT,PLEKEP000019
EKOKOGEN,PLEKGNR00011
EKOPOL,PLEKPLG00019
ELBUDOWA,PLELTBD00017
ELEKTROTI,PLELEKT00016
ELEMENTAL,PLELMTL00017
ELG0126,PL0017200086
ELG0319,PL0017200011
ELG0320,PL0017200029
ELG0321,PL0017200037
ELG0322,PL0017200045
ELG0523,PL0017200052
ELG0524,PL0017200060
ELG0625,PL0017200078
ELKOP,PLELKOP00013
ELZAB,PLELZAB00010
EMCINSMED,PLEMCIM00017
EMMERSON,PLEMRSN00012
EMMWH,PLRKLMF00010
EMONT,PLEKTRM00016
EMPERIA,PLELDRD00017
EMUZYKA,PLEMZKA00019
ENAP,PLENAP000010
ENEA,PLENEA000013
ENELMED,PLENLMD00017
ENERGA,PLENERG00022
ENERGOINS,PLERGIN00015
EONET,PLEONTW00016
EPC0716,PLEKPCH00016
EPICTURES,PLESTPT00018
EPIGON,PLEPIGN00019
EQUITIER,PLAPCQT00016
ERB0318,PLERBUD00053
ERBUD,PLERBUD00012
ERC0815,PLERCNT00045
ERG,PLERGZB00014
ERGIS,PLEUFLM00017
ERS,PLEURSS00014
ESB0725,PLESBSR00014
ESKIMOS,PLESKMS00016
ESOTIQ,PLESTHN00018
ESPEROTIA,PLESPRT00012
ESSYSTEM,PLESSYS00030
ESTAR,HU0000089198
ETFDAX,LU0252633754
ETFSP500,LU0496786574
ETFW20L,LU0459113907
EUCO,PLERPCO00017
EUIMPLANT,PLERPLT00017
EUROCASH,PLEURCH00011
EUROCENT,PLERCNT00011
EUROHOLD,BG1100114062
EUROSNACK,PLERSNK00016
EUROTAX,PLEURTX00012
EUROTEL,PLERTEL00011
EXAMOBILE,PLEXMBL00010
EXILLON,IM00B58FMW76
EXOUPOS,PLGEXUP00013
EZO,PLEZOSA00018
F1MWN14,PL0GF0005827
F1MWQ14,PL0GF0005835
F1MWU14,PL0GF0006270
F1MWV14,PL0GF0006288
F1MWX14,PL0GF0006296
F1MWZ14,PL0GF0006734
F3MWF15,PL0GF0006304
F3MWG15,PL0GF0006312
F3MWH15,PL0GF0005637
F3MWH16,PL0GF0006783
F3MWM15,PL0GF0005645
F3MWN14,PL0GF0005603
F3MWQ14,PL0GF0005769
F3MWU14,PL0GF0005611
F3MWU15,PL0GF0005843
F3MWV14,PL0GF0005850
F3MWX14,PL0GF0005868
F3MWZ14,PL0GF0005629
F3MWZ15,PL0GF0006320
F510914,PLFRMGR00023
F6MWH15,PL0GF0005744
F6MWM15,PL0GF0005876
F6MWN14,PL0GF0005884
F6MWQ14,PL0GF0005892
F6MWU14,PL0GF0005728
F6MWU15,PL0GF0006353
F6MWV14,PL0GF0006338
F6MWX14,PL0GF0006346
F6MWZ14,PL0GF0005736
F6MWZ15,PL0GF0006817
FABRFORMY,PLFFRMY00013
FABRYKAKD,PLFKDRW00016
FACHOWCY,PLFCHVT00012
FACPH15,PL0GF0006825
FACPU14,PL0GF0006122
FACPZ14,PL0GF0006361
FALRH15,PL0GF0007039
FALRU14,PL0GF0005900
FALRZ14,PL0GF0006585
FAM,PLFAM0000012
FAMUR,PLFAMUR00012
FARM51,PLFRMGR00015
FARMACOL,PLFRMCL00066
FASING,PLFSING00010
FASTFIN,PLFSTFC00012
FBRSH15,PL0GF0007005
FBRSU14,PL0GF0005934
FBRSZ14,PL0GF0006551
FCDRH15,PL0GF0006924
FCDRU14,PL0GF0006023
FCDRZ14,PL0GF0006460
FCHFH15,PL0GF0006619
FCHFM15,PL0GF0007062
FCHFN14,PL0GF0006643
FCHFQ14,PL0GF0006676
FCHFU14,PL0GF0005256
FCHFZ14,PL0GF0006197
FEERUM,PLFEERM00018
FERRO,PLFERRO00016
FERRUM,PLFERUM00014
FEURH15,PL0GF0006593
FEURM15,PL0GF0007047
FEURN14,PL0GF0006627
FEURQ14,PL0GF0006650
FEURU14,PL0GF0005231
FEURZ14,PL0GF0006213
FFI0116,PLFSTFC00046
FFI0315,PLFSTFC00038
FFI0916,PLFSTFC00053
FFI1116,PLFSTFC00061
FGPWH15,PL0GF0006999
FGPWU14,PL0GF0005942
FGPWZ14,PL0GF0006544
FGTCH15,PL0GF0006932
FGTCU14,PL0GF0006015
FGTCZ14,PL0GF0006478
FHDOM,PLFHDOM00010
FINARCH,PLPAR0000010
FINHOUSE,PLFINHS00018
FITEN,PLFITEN00013
FJSWH15,PL0GF0006940
FJSWU14,PL0GF0006007
FJSWZ14,PL0GF0006486
FKERH15,PL0GF0006957
FKERU14,PL0GF0005991
FKERZ14,PL0GF0006494
FKGHH15,PL0GF0006833
FKGHU14,PL0GF0006114
FKGHZ14,PL0GF0006379
FLTBH15,PL0GF0007179
FLTBU14,PL0GF0006247
FLTBZ14,PL0GF0006726
FLTSH15,PL0GF0006965
FLTSU14,PL0GF0005983
FLTSZ14,PL0GF0006502
FLUID,PLFLUID00017
FLWBH15,PL0GF0006973
FLWBU14,PL0GF0005975
FLWBZ14,PL0GF0006510
FLYPL,PLFLYPL00017
FMTBH15,PL0GF0007161
FMTBU14,PL0GF0006262
FMTBZ14,PL0GF0006718
FOILZ14,PL0GF0006528
FON,PLCASPL00019
FOPLH15,PL0GF0006908
FOPLU14,PL0GF0006049
FOPLZ14,PL0GF0006445
FOREVEREN,PLFRENT00014
FORPOSTA,PLFRPST00019
FORTE,PLFORTE00012
FORTUNA,NL0009604859
FOTA,PLFOTA000014
FPEOH15,PL0GF0006841
FPEOU14,PL0GF0006106
FPEOZ14,PL0GF0006387
FPGEH15,PL0GF0006858
FPGEU14,PL0GF0006098
FPGEZ14,PL0GF0006395
FPGNH15,PL0GF0006866
FPGNU14,PL0GF0006080
FPGNZ14,PL0GF0006403
FPKNH15,PL0GF0006874
FPKNU14,PL0GF0006072
FPKNZ14,PL0GF0006411
FPKOH15,PL0GF0006882
FPKOU14,PL0GF0006064
FPKOZ14,PL0GF0006429
FPZUH15,PL0GF0006890
FPZUU14,PL0GF0006056
FPZUZ14,PL0GF0006437
FRR0615,PLFRRTM00042
FSENH15,PL0GF0007013
FSENU14,PL0GF0005926
FSENZ14,PL0GF0006569
FSNSH15,PL0GF0007021
FSNSU14,PL0GF0005918
FSNSZ14,PL0GF0006577
FSTBH15,PL0GF0007153
FSTBU14,PL0GF0006254
FSTBZ14,PL0GF0006700
FTPEH15,PL0GF0006916
FTPEU14,PL0GF0006031
FTPEZ14,PL0GF0006452
FTVNH15,PL0GF0006981
FTVNU14,PL0GF0005959
FTVNZ14,PL0GF0006536
FUSDH15,PL0GF0006601
FUSDM15,PL0GF0007054
FUSDN14,PL0GF0006635
FUSDQ14,PL0GF0006668
FUSDU14,PL0GF0005249
FUSDZ14,PL0GF0006205
FUTURIS,PLBINVT00016
FW20H1520,PL0GF0006684
FW20M1520,PL0GF0007138
FW20U1420,PL0GF0005355
FW20Z1420,PL0GF0006239
FW40H15,PL0GF0007146
FW40U14,PL0GF0006221
FW40Z14,PL0GF0006692
GALVO,PLGALVO00017
GANT,PLGANT000014
GBS0621,PLGBSBR00015
GCINVEST,PLGCINV00011
GEM0715,PLEMRCP00029
GENERGY,PLDVCOM00018
GENOMED,PLGNOMD00024
GENRG,PLELKPE00014
GEOINVENT,PLGEINV00017
GETIN,PLGSPR000014
GETINOBLE,PLGETBK00012
GHE0118,PLGHLMC00099
GHE0418,PLGHLMC00115
GHE0718,PLGHLMC00107
GINOROSSI,PLGNRSI00015
GKSKAT,PLGKS0000016
GLCOSMED,PLGLBLC00011
GLD1125,PL0025200011
GLOBALNRG,PLHRDEX00021
GLOBALTR,PLGLBLT00015
GLOBCITYHD,NL0000687309
GMK,PLGRMNK00014
GNB0218,PLNOBLE00082
GNB0220,PLGETBK00152
GNB0221,PLGETBK00251
GNB0318,PLNOBLE00090
GNB0320,PLGETBK00160
GNB0321,PLGETBK00269
GNB0418,PLNOBLE00108
GNB0420,PLGETBK00178
GNB0421,PLGETBK00277
GNB0518,PLGETBK00020
GNB0618,PLNOBLE00033
GNB0620,PLGETBK00186
GNB0720,PLGETBK00194
GNB0817,PLNOBLE00041
GNB0819,PLGETBK00046
GNB0820,PLGETBK00202
GNB0917,PLNOBLE00058
GNB0919,PLGETBK00111
GNB1017,PLNOBLE00074
GNB1019,PLGETBK00129
GNB1020,PLGETBK00210
GNB1119,PLGETBK00137
GNB1120,PLGETBK00228
GNB1219,PLGETBK00145
GNB1220,PLGETBK00244
GNF0618,PLGETBK00038
GNFIBA0814,XS0518300834
GNFIBA0914,XS0523993789
GNFIBA1014,XS0535538937
GNFIBA1214,XS0545341595
GNFIBB0914,XS0528218786
GNLM71214,XS0552378753
GNLM80115,XS0565630836
GNLM90215,XS0575337901
GNO0917,PLNOBLE00066
GNO1120,PLGETBK00236
GNT0814,PLGANT000261
GOLAB,PLGOLAB00019
GOLDWYN,PLBABY000016
GONTYNIEC,PLBRWRG00013
GOODIDEA,PLGOODI00012
GORENJE,SI0031104076
GOTFI,PLGOTFI00016
GPFCAUSA,PLGPFCS00018
GPPI,PLGPPIK00011
GPW,PLGPW0000017
GPW0117,PLGPW0000033
GRA0816,PLGRNCL00013
GRAAL,PLGRAAL00022
GRAJEWO,PLZPW0000017
GRAPHIC,PLGRPHC00016
GREENECO,PLANTI000012
GREENENER,PLDBBGR00017
GREMMEDIA,PLERFKT00010
GREMPCO,PLGRMPC00016
GRI0615,PLGNRSI00072
GRI0616,PLGNRSI00080
GRJAGUAR,PLGPJGR00013
GROCLIN,PLINTGR00013
GRODNO,PLGRODN00015
GRUPAAZOTY,PLZATRM00012
GRUPAEMM,PLEMRCP00011
GRUPAHRC,PLGRHRC00012
GRUPAREC,PLRCKL000010
GTC,PLGTC0000037
GTC0319,PLGTC0000177
GTRINITY,PLGTRNT00010
GWARANT,PLGWRNT00014
HAMBURGER,PLLSNRN00015
HANDLOWY,PLBH00000012
HARPER,PLHRPHG00023
HAWE,PLVENTS00019
HEFAL,PLHFLSW00013
HELIO,PLHELIO00014
HERKULES,PLZRWZW00012
HMINWEST,PLHMINW00016
HOLLYWOOD,PLHOLWD00017
HORTICO,PLHRTIC00014
HOTBLOK,PLHOTB000011
HURTIMEX,PLHRTIM00013
HUTMEN,PLHUTMN00017
HYDRAPRES,PLHDRAP00017
HYDROTOR,PLHDRTR00013
HYGIENIKA,PLHGNKA00028
HYPERION,PLHPRON00017
I3D,PLI3D0000011
IAI,PLIAI0000014
IAP,PLIAPRF00010
IBCPOLSKA,PLIBCPL00018
ICMVISION,CZ0008467735
ICPD,BG1100018057
ICPGROUP,PLICPGR00014
IDEATFI,PLIDATF00012
IDEON,PLCNTZP00010
IDH,PLICI0000010
IDMSA,PLIDMSA00044
IDS1018,PL0000500021
IDS1022,PL0000500070
IDS1024,PL0000500161
IFCAPITAL,PLHRMAN00039
IFM,PLINVFM00012
IGORIA,PLIGRTR00014
IIAAV,AT0000809058
IIF1115,PLIIF0000039
IMAGIS,PLIMAGS00013
IMCOMPANY,LU0607203980
IMMOBILE,PLMAKRM00019
IMMOFUND,PLKNMNK00015
IMPEL,PLIMPEL00011
IMPERA,PLNFI0700018
IMPEXMET,PLIMPXM00019
IMS,PLINTMS00019
INBOOK,PLINBOK00010
INC,PLINCLT00015
INCANA,PLINCNA00011
INDATA,PLTROMD00010
INDEXMEDI,PLINDXM00013
INDYGO,PLLSTIA00018
INDYKPOL,PLINDKP00013
INE1015,PLINEXP00089
INFOSCOPE,PLIFSCP00014
INFOSYS,PLINFST00013
INGBSK,PLBSK0000017
INNOGENE,PLINNGN00015
INPRO,PLINPRO00015
INS1214,PLINDOS00019
INSTALKRK,PLINSTK00013
INTAKUS,PLINTKS00013
INTEGERPL,PLINTEG00011
INTELIWIS,PLITLWS00012
INTERAOLT,LT0000128621
INTERBUD,PLINTBD00014
INTERCARS,PLINTCS00010
INTERFERI,PLINTFR00023
INTERNITY,PLINTNT00015
INTERSPPL,PLINTSP00038
INTLADS03475,PLINGNV03475
INTLADS04135,PLINGNV04135
INTLADS04697,PLINGNV04697
INTLAPL00216,PLINGNV00216
INTLAPL00224,PLINGNV00224
INTLAPL00992,PLINGNV00992
INTLAPL02220,PLINGNV02220
INTLAPL05249,PLINGNV05249
INTLAPL05256,PLINGNV05256
INTLAPL05264,PLINGNV05264
INTLBCO01313,PLINGNV01313
INTLBCO01487,PLINGNV01487
INTLBCO01495,PLINGNV01495
INTLBCO03517,PLINGNV03517
INTLBCO05314,PLINGNV05314
INTLBMW03434,PLINGNV03434
INTLBMW03442,PLINGNV03442
INTLBMW03814,PLINGNV03814
INTLBMW05132,PLINGNV05132
INTLBND00059,PLINGNV00059
INTLBND00497,PLINGNV00497
INTLBND05025,PLINGNV05025
INTLDAX00281,PLINGNV00281
INTLDAX00752,PLINGNV00752
INTLDAX01800,PLINGNV01800
INTLDAX02568,PLINGNV02568
INTLDAX02873,PLINGNV02873
INTLDAX04820,PLINGNV04820
INTLDAX05074,PLINGNV05074
INTLDBK04663,PLINGNV04663
INTLDBK04671,PLINGNV04671
INTLDBK05298,PLINGNV05298
INTLDOW00372,PLINGNV00372
INTLDOW00380,PLINGNV00380
INTLDOW00877,PLINGNV00877
INTLDOW03251,PLINGNV03251
INTLDOW05330,PLINGNV05330
INTLESX00307,PLINGNV00307
INTLESX00778,PLINGNV00778
INTLESX01818,PLINGNV01818
INTLESX02097,PLINGNV02097
INTLESX02782,PLINGNV02782
INTLESX03046,PLINGNV03046
INTLESX05082,PLINGNV05082
INTLEUC00448,PLINGVN00448
INTLEUC01099,PLINGNV01099
INTLEUC05017,PLINGNV05017
INTLEUD00455,PLINGNV00455
INTLEUD00463,PLINGNV00463
INTLEUD01123,PLINGNV01123
INTLEUD02709,PLINGNV02709
INTLEUR02261,PLINGNV02261
INTLEUR03996,PLINGNV03996
INTLEUR04853,PLINGNV04853
INTLEUR05140,PLINGNV05140
INTLGLD01404,PLINGNV01404
INTLGLD02816,PLINGNV02816
INTLGLD03657,PLINGNV03657
INTLGOG04879,PLINGNV04879
INTLGOG04887,PLINGNV04887
INTLGOG04895,PLINGNV04895
INTLHSC00331,PLINGNV00331
INTLHSC00349,PLINGNV00349
INTLHSC00828,PLINGNV00828
INTLHSC03533,PLINGNV03533
INTLKGH03582,PLINGNV03582
INTLKGH04234,PLINGNV04234
INTLKGH05223,PLINGNV05223
INTLKGH05231,PLINGNV05231
INTLNAG01354,PLINGNV01354
INTLNAG03160,PLINGNV03160
INTLNAG03178,PLINGNV03178
INTLNAG03749,PLINGNV03749
INTLNAG04077,PLINGNV04077
INTLNKX00315,PLINGNV00315
INTLNKX00323,PLINGNV00323
INTLNKX00794,PLINGNV00794
INTLNKX01826,PLINGNV01826
INTLNOK00190,PLINGNV00190
INTLNOK00208,PLINGNV00208
INTLNOK00968,PLINGNV00968
INTLNOK01701,PLINGNV01701
INTLNOK02485,PLINGNV02485
INTLNOK02493,PLINGNV02493
INTLNOK02501,PLINGNV02501
INTLOPL04150,PLINGNV04150
INTLOPL04168,PLINGNV04168
INTLOPL04176,PLINGNV04176
INTLPEO01636,PLINGNV01636
INTLPEO01644,PLINGNV01644
INTLPEO01651,PLINGNV01651
INTLPEO02642,PLINGNV02642
INTLPGE01511,PLINGNV01511
INTLPGE01529,PLINGNV01529
INTLPGE01537,PLINGNV01537
INTLPGE02394,PLINGNV02394
INTLPGE04838,PLINGNV04838
INTLPGE04937,PLINGNV04937
INTLPGN04200,PLINGNV04200
INTLPGN04713,PLINGNV04713
INTLPGN04960,PLINGNV04960
INTLPGN04978,PLINGNV04978
INTLPGN05306,PLINGNV05306
INTLPKN02469,PLINGNV02469
INTLPKN04101,PLINGNV04101
INTLPKN04119,PLINGNV04119
INTLPKN04374,PLINGNV04374
INTLPKN04846,PLINGNV04846
INTLPKO00018,PLINGNV00018
INTLPKO00125,PLINGNV00125
INTLPKO00927,PLINGNV00927
INTLPKO02626,PLINGNV02626
INTLPKO02634,PLINGNV02634
INTLPZU01586,PLINGNV01586
INTLPZU01594,PLINGNV01594
INTLPZU02444,PLINGNV02444
INTLPZU02618,PLINGNV02618
INTLPZU05090,PLINGNV05090
INTLRDX00844,PLINGNV00844
INTLRDX04622,PLINGNV04622
INTLRDX04630,PLINGNV04630
INTLSLV01446,PLINGNV01446
INTLSLV01453,PLINGNV01453
INTLSLV03665,PLINGNV03665
INTLUSD03731,PLINGNV03731
INTLUSD03772,PLINGNV03772
INTLUSD05041,PLINGNV05041
INTLVOW03111,PLINGNV03111
INTLVOW03129,PLINGNV03129
INTLVOW04259,PLINGNV04259
INTLW2000265,PLINGNV00265
INTLW2001180,PLINGNV01180
INTLW2001750,PLINGNV01750
INTLW2001768,PLINGNV01768
INTLW2002410,PLINGNV02410
INTLW2002550,PLINGNV02550
INTROL,PLINTRL00013
INTSADS03483,PLINGNV03483
INTSADS03913,PLINGNV03913
INTSADS04143,PLINGNV04143
INTSADS04705,PLINGNV04705
INTSAPL02311,PLINGNV02311
INTSAPL03392,PLINGNV03392
INTSAPL05058,PLINGNV05058
INTSAPL05272,PLINGNV05272
INTSAPL05280,PLINGNV05280
INTSBCO01503,PLINGNV01503
INTSBCO02378,PLINGNV02378
INTSBCO05322,PLINGNV05322
INTSBMW03459,PLINGNV03459
INTSBMW04796,PLINGNV04796
INTSBMW05181,PLINGNV05181
INTSBND01081,PLINGNV01081
INTSBND04226,PLINGNV04226
INTSBND04861,PLINGNV04861
INTSBND05157,PLINGNV05157
INTSDAX03210,PLINGNV03210
INTSDAX03962,PLINGNV03962
INTSDAX05165,PLINGNV05165
INTSDBK03426,PLINGNV03426
INTSDBK03897,PLINGNV03897
INTSDBK04689,PLINGNV04689
INTSDBK04929,PLINGNV04929
INTSDOW03012,PLINGNV03012
INTSDOW03988,PLINGNV03988
INTSDOW05066,PLINGNV05066
INTSESX02972,PLINGNV02972
INTSESX04010,PLINGNV04010
INTSESX05173,PLINGNV05173
INTSEUC01107,PLINGNV01107
INTSEUC01115,PLINGNV01115
INTSEUC01271,PLINGNV01271
INTSEUD02683,PLINGNV02683
INTSEUD03764,PLINGNV03764
INTSEUD05033,PLINGNV05033
INTSEUR01172,PLINGNV01172
INTSEUR01297,PLINGNV01297
INTSEUR01735,PLINGNV01735
INTSGLD00620,PLINGNV00620
INTSGLD00638,PLINGNV00638
INTSGLD01057,PLINGNV01057
INTSGLD02576,PLINGNV02576
INTSGLD05199,PLINGNV05199
INTSGOG04911,PLINGNV04911
INTSGOG05124,PLINGNV05124
INTSHSC00836,PLINGNV00836
INTSHSC02899,PLINGNV02899
INTSHSC03244,PLINGNV03244
INTSKGH00703,PLINGNV00703
INTSKGH00711,PLINGNV00711
INTSKGH02154,PLINGNV02154
INTSKGH02725,PLINGNV02725
INTSNAG04085,PLINGNV04085
INTSNAG04291,PLINGNV04291
INTSNAG04606,PLINGNV04606
INTSNKX01834,PLINGNV01834
INTSNKX03236,PLINGNV03236
INTSNKX03970,PLINGNV03970
INTSNKX04325,PLINGNV04325
INTSOPL04283,PLINGNV04283
INTSPEO02766,PLINGNV02766
INTSPEO02998,PLINGNV02998
INTSPEO03384,PLINGNV03384
INTSPGE04986,PLINGNV04986
INTSPGE05215,PLINGNV05215
INTSPGN03681,PLINGNV03681
INTSPGN03699,PLINGNV03699
INTSPGN04648,PLINGNV04648
INTSPKN00943,PLINGNV00943
INTSPKN00950,PLINGNV00950
INTSPKN01693,PLINGNV01693
INTSPKN03798,PLINGNV03798
INTSPKO02741,PLINGNV02741
INTSPKO02980,PLINGNV02980
INTSPZU02923,PLINGNV02923
INTSPZU03095,PLINGNV03095
INTSPZU03848,PLINGNV03848
INTSRDX00851,PLINGNV00851
INTSRDX00869,PLINGNV00869
INTSRDX02113,PLINGNV02113
INTSSLV02279,PLINGNV02279
INTSSLV02345,PLINGNV02345
INTSSLV02352,PLINGNV02352
INTSSLV02584,PLINGNV02584
INTSSLV02592,PLINGNV02592
INTSSLV03020,PLINGNV03020
INTSSLV04812,PLINGNV04812
INTSUSD03707,PLINGNV03707
INTSUSD03715,PLINGNV03715
INTSUSD03723,PLINGNV03723
INTSUSD04416,PLINGNV04416
INTSVOW03137,PLINGNV03137
INTSVOW03921,PLINGNV03921
INTSW2000539,PLINGNV00539
INTSW2000737,PLINGNV00737
INTSW2000745,PLINGNV00745
INTSW2002808,PLINGNV02808
INTSW2003194,PLINGNV03194
INTSW2003525,PLINGNV03525
INV0615,PLECMNG00068
INV1215,PLECMNG00076
INVCEEFIZ,PLIBURU00017
INVENTI,PLINVNT00011
InvestorMS,PL9999999672
INVFIZ,PLINVST00010
INVGLDFIZ,PLINVGL00012
INVICO,PLPRGTR00019
INVISTA,PLECMNG00019
INVPEFIZ,PLINVLB00047
INVPRFIZ,PLINVPR00010
INWESTPL,PLINSTC00010
IPERMFIZ,PLIPRM000018
IPODS,PLIPODS00014
IPOPEMA,PLIPOPM00011
IPOSA,PLIPOSA00010
IPS1014,PL0000500013
IQP,PLIQPRT00017
ISIAG,PLINSAG00011
IU,PLINTUN00013
IVMX,PLMATRX00017
IWS0645,PL0000500062
IZ0816,PL0000103529
IZ0823,PL0000105359
IZOBLOK,PLIZBLK00010
IZOLACJA,PLIZCJR00017
IZOSTAL,PLIZSTL00015
JANTAR,PL4STUD00016
JAR1214D,PL0016200046
JAR1214E,PL0016200053
JAR1214F,PL0016200061
JDB,PLJRSDB00015
JED0415,PLJDNKA00013
JHMDEV,PLJHMDL00018
JJAUTO,DE000A1TNS70
JRINVEST,PLJRINV00013
JSW,PLJSW0000015
JUPITER,PLNFI0300017
JWCONSTR,PLJWC0000019
K2INTERNT,PLK2ITR00010
KAMPA,PLFIP0000018
KAN1214,PLZPMHK00036
KANIA,PLIZNS000022
KBCAM1FIZ,PLKBCAM00014
KBCHI1FIZ,PLKBCHM00019
KBCPJ4FIZ,PLKBCP400016
KBCPR1FIZ,PLKBCPG00014
KBDOM,PLTRAST00020
KBJ,PLKBJ0000016
KBS0518,PLKBSAK00014
KCI,PLPONAR00012
KCSP,PLKCSP000015
KDMSHIPNG,CY0102492119
KERNEL,LU0327357389
KETY,PLKETY000011
KGHM,PLKGHM000017
KINOPOL,PLKNOPL00014
KKHERBAL,PLKKHRB00011
KLASZTORNE,PLPRKLS00016
KLEBAINV,PLWTTMN00075
KLN0215,PLKLON000044
KLN1115,PLKLON000036
KLON,PLKLON000010
KME,PLMDIUS00018
KME1014,PLMDIUS00034
KME1015,PLMDIUS00042
KOFOLA,PLHOOP000010
KOGENERA,PLKGNRC00015
KOMFORTKM,PLKMFKL00015
KOMPAP,PLKOMPP00017
KOMPLEKS,PLGKIKM00019
KOMPUTRON,PLKMPTR00012
KON0715,PL0013200015
KON0916,PL0013200023
KONSSTALI,PLKCSTL00010
KOP0814,PLKPHUS00042
KOPAHAUS,PLKPHUS00018
KOPEX,PLKOPEX00018
KORBANK,PLKRBNK00019
KOS0516,PLPCCPK00013
KPPD,PLKPPD000017
KR20116,PLKRINK00113
KRA0423,PL0023200039
KRA0424,PL0023200013
KRA0528,PL0023200047
KRA1027,PL0023200021
KRAKCHEM,PLKRKCH00019
KREC,PLKRNRC00012
KREDYTIN,PLKRINK00014
KREZUS,PLNFI0200019
KRI0116,PLKRINK00105
KRI0916,PLKRINK00121
KRKA,SI0031102120
KRU0115,PLKRK0000085
KRU0316,PLKRK0000176
KRU0317,PLKRK0000226
KRU0517,PLKRK0000242
KRU0618,PLKRK0000267
KRU0818,PLKRK0000275
KRU0914,PLKRK0000135
KRU1018,PLKRK0000283
KRU1114,PLKRK0000077
KRU1116,PLKRK0000192
KRU1216,PLKRK0000200
KRU1217,PLKRK0000317
KRU1218,PLKRK0000309
KRUK,PLKRK0000010
KRUSZWICA,PLKRUSZ00016
KSGAGRO,LU0611262873
KUPIEC,PLKUPIC00010
LABOPRINT,PLLBPRT00013
LANGLOO,PLLANGL00010
LASERMED,PLLSRMD00018
LAURENPES,PLLRPSP00015
LCCORP,PLLCCRP00017
LEASINGEX,PLLSGEX00016
LENA,PLLENAL00015
LENTEX,PLLENTX00010
LEONIDAS,PLPBLIA00012
LETUS,PLGDVIS00018
LEX0317,PLLSGEX00024
LGTRADE,PLLGNTD00017
LIBERTY,PLLBRTG00012
LIBET,PLLBT0000013
LIVECHAT,PLLVTSF00010
LMASFIZ,PLLEGMS00019
LMBSFIZ,PLLEGMS00043
LMCSFIZ,PLLEGMS00159
LMDSFIZ,PLLEGMS00365
LMESFIZ,PLLEGMS00472
LOGZACT,PLLGZCT00013
LOKATYBUD,PLFBRD000018
LOTOS,PLLOTOS00025
LOYD,PLPHLRK00019
LPP,PLLPP0000011
LSISOFT,PLLSSFT00016
LSTECHHOM,PLLSTHM00015
LUBAWA,PLLUBAW00013
LUG,PLLUG0000010
LUXIMA,PLLUXIM00011
LZMO,PLLZMO000014
M10,PLM100000014
M4B,PLM4B0000017
MABION,PLMBION00016
MADKOM,PLMADKM00019
MAGELLAN,PLMGLAN00018
MAGNIFICO,PLMGNFC00016
MAKARONPL,PLMKRNP00015
MAKOLAB,PLMKLAB00023
MAKORA,PLMRKHS00011
MALKOWSKI,PLMLKMR00016
MARKA,PLMARKA00014
MARSOFT,PLMRSFT00016
MARVIPOL,PLMRVPL00016
MAS0215,PLMSTFR00016
MAXIMUS,PLMAXMS00010
MAXIPIZZA,PLMXPZZ00015
MBANK,PLBRE0000012
MBFGROUP,PLMBFCR00018
MBHPA10,PLRHNHP00177
MBHPA11,PLRHNHP00185
MBHPA12,PLRHNHP00193
MBHPA13,PLRHNHP00219
MBHPA14,PLRHNHP00227
MBHPA15,PLRHNHP00235
MBHPA16,PLRHNHP00243
MBHPA18,PLRHNHP00268
MBHPA19,PLRHNHP00276
MBHPA20,PLRHNHP00318
MBHPA21,PLRHNHP00326
MBHPE01,PLRHNHP00300
MBHPE02,PLRHNHP00334
MBHPE03,PLRHNHP00342
MBHPE04,PLRHNHP00359
MBHPE05,PLRHNHP00367
MBHPE06,PLRHNHP00375
MBHPE07,PLRHNHP00383
MBHPU05,PLRHNHP00201
MBHPU06,PLRHNHP00284
MBHPU07,PLRHNHP00292
MBK1223,PLBRE0005177
MBPARTNER,PLMBLPR00018
MBR0814,PLMOBRK00039
MBS0720,PLMBSLM00013
MCI,PLMCIMG00012
MCI1216,PLMCIMG00160
MCLOGIC,PLMCSFT00018
MDEVELOP,PLMDVLP00016
MDS0421,PLNFI0900113
MED,PLMDCPF00018
MEDIACAP,PLEMLAB00018
MEDIANPOL,PLMDNPL00013
MEDIATEL,PLSMMDA00012
MEDICALG,PLMDCLG00015
MEGARON,PLMGRON00016
MEGASONIC,PLMGSNC00019
MENNICA,PLMNNCP00011
MER0616,PLMERA000050
MERA,PLMERA000019
MERCATOR,PLMRCTR00015
MERCOR,PLMRCOR00016
MERIT,PLMRTIN00011
MEWA,PLMEWA000012
MEXPOLSKA,PLMEXPL00010
MFO,PLMFO0000013
MGAMES,PLMRCGM00013
MGMSYS,PLMGMST00015
MIDAS,PLNFI0900014
MIDVEN,PLMIDVN00017
MIESZKO,PLMSZKO00010
MILESTONE,USU6005B1045
MILKILAND,NL0009508712
MILKPOL,PLMLKPL00012
MILLENNIUM,PLBIG0000016
MINERAL,PLMNRLM00010
MINOX,PLMINOX00010
MIRACULUM,PLKLSTN00017
MIRBUD,PLMRBUD00015
MiS80,PL9999999979
MIT,PLPPWK000014
MKI1123,PL0028200018
MKR0615,PLMKRKS00031
MLPGROUP,PLMLPGR00017
MMCPL,PLMMCNF00014
MMP0520,PLMLMDP00064
MNI,PLSZPTL00010
MOBINI,PLMBINI00018
MOBRUK,PLMOBRK00013
MODE,PLMODE000019
MODECOM,PLMDCOM00017
MOJ,PLMOJ0000015
MOL,HU0000068952
MOMO,PLMOMO000016
MONDAY,PLMONDV00015
MONNARI,PLMNRTR00012
MORIZON,PLMORZN00016
MOSTALPLC,PLMSTPL00018
MOSTALWAR,PLMSTWS00019
MOSTALWRO,PLMSTWR00011
MOSTALZAB,PLMSTZB00018
MOTORICUS,PLOPONX00011
MPAY,PLMPAY000017
MPLVERBUM,PLMPLVR00016
MRT0421,PLMRTMB00026
MSXRESOUR,PLMSTEX00017
MTC,PLMTRTC00011
MUR0415,PLMURPL00034
MUR0515,PLMURPL00042
MUR0814,PLMURPL00026
MUR1115,PLMURPL00083
MUZA,PLMUZA000019
MVP0415,PLMRVPL00081
MVP0914,PLMRVPL00099
MW20,PLIJUWG00019
MWD0216,PLMWTRD00088
MWD0316,PLMWTRD00104
MWD1115,PLMWTRD00054
mWIG40,PL9999999912
MWT0216,PLMWTRD00070
MWT0316,PLMWTRD00096
MWT0416,PLMWTRD00112
MWT0417,PLMWTRD00138
MWT0616,PLMWTRD00120
MWT1115,PLMWTRD00047
MWT1215,PLMWTRD00062
MWTRADE,PLMWTRD00013
NAN0415,PLNANTL00035
NAN1015,PLNANTL00050
NANOTEL,PLNANTL00019
NAV0216,PLNAVIG00114
NAV0515,PLNAVIG00106
NAV0915,PLNAVIG00098
NAVIMORIN,PLNVMRI00017
NCIndex,PL9999999565
NCIndex30,PL9999999383
NEMEX,PLNEMEX00010
NETIA,PLNETIA00014
NETMEDIA,PLNTMDA00018
NETWISE,PLNETWS00017
NEUCA,PLTRFRM00018
NEWAG,PLNEWAG00012
NEWWORLDR,GB00B42CTW68
NFIEMF,PLNFI1500011
NFPL,PLNWCFR00012
NICOGAMES,PLNCLGM00014
NOKAUT,PLGRNKT00019
NOR1016,PLNRDCD00066
NORDEABP,PLBKMNL00018
NORTCOAST,PLNRTHC00014
NOTORIA,PLNTRSW00019
NOVAVIS,PLNVVIS00016
NOVIAN,PLIBZIC00013
NOVITA,PLNVITA00018
NOWAGALA,PLCRMNG00029
NTTSYSTEM,PLNTSYS00013
NWAI,PLNWAI000017
ODLEWNIE,PLODLPL00013
ODR1114,PLODRTS00025
OK0116,PL0000107587
OK0714,PL0000107009
OK0715,PL0000107405
OK0716,PL0000107926
OKB0520,PLOKBS000017
OLK1123,PL0027200019
OLYMPIC,EE3100084021
ONE2ONE,PLONE0000014
ONERAY,PLONERY00016
ONICO,PLONCTR00028
OPENFIN,PLOPNFN00010
OPENNET,PLOPNNT00011
OPERA3GR,PLOPRTG00016
OPONEO.PL,PLOPNPL00013
OPTEAM,PLOPTEM00012
OPTIZENLB,PLTLCMD00018
ORANGEPL,PLTLKPL00017
ORBIS,PLORBIS00014
ORCOGROUP,LU0122624777
ORGANIC,PLORGNK00010
ORIONINV,PLORION00018
ORL0814,PLORZL000100
ORPHEE,CH0197761098
ORZBIALY,PLORZBL00013
ORZLOPONY,PLORZL000019
OSW0914,PL0014200022
OTLOG,PLODRTS00017
OTMUCHOW,PLZPCOT00018
OTS0217,PLODRTS00058
OVOSTAR,NL0009805613
OW20C152000,PL0GO0028912
OW20C152100,PL0GO0028904
OW20C152200,PL0GO0028896
OW20C152300,PL0GO0028888
OW20C152400,PL0GO0028870
OW20C152500,PL0GO0028862
OW20C152600,PL0GO0028854
OW20C152700,PL0GO0028847
OW20C152800,PL0GO0028839
OW20F152000,PL0GO0030033
OW20F152100,PL0GO0030041
OW20F152200,PL0GO0030058
OW20F152300,PL0GO0030066
OW20F152400,PL0GO0030074
OW20F152500,PL0GO0030082
OW20F152600,PL0GO0030090
OW20F152700,PL0GO0030108
OW20F152800,PL0GO0030116
OW20F152900,PL0GO0030124
OW20I142000,PL0GO0025116
OW20I142050,PL0GO0030652
OW20I142100,PL0GO0025108
OW20I142150,PL0GO0030660
OW20I142200,PL0GO0025090
OW20I142250,PL0GO0030678
OW20I142300,PL0GO0025082
OW20I142350,PL0GO0030686
OW20I142400,PL0GO0025074
OW20I142450,PL0GO0030694
OW20I142500,PL0GO0025066
OW20I142550,PL0GO0030702
OW20I142600,PL0GO0025058
OW20I142650,PL0GO0030710
OW20I142700,PL0GO0025041
OW20I142750,PL0GO0030728
OW20I142800,PL0GO0025033
OW20I142850,PL0GO0030736
OW20I142900,PL0GO0025025
OW20I142950,PL0GO0030744
OW20I143000,PL0GO0025017
OW20L142000,PL0GO0027997
OW20L142100,PL0GO0027989
OW20L142200,PL0GO0027971
OW20L142300,PL0GO0027963
OW20L142400,PL0GO0027955
OW20L142500,PL0GO0027948
OW20L142600,PL0GO0027930
OW20L142700,PL0GO0027922
OW20L142800,PL0GO0027914
OW20L142900,PL0GO0027906
OW20O152000,PL0GO0029225
OW20O152100,PL0GO0029217
OW20O152200,PL0GO0029209
OW20O152300,PL0GO0029191
OW20O152400,PL0GO0029183
OW20O152500,PL0GO0029175
OW20O152600,PL0GO0029167
OW20O152700,PL0GO0029159
OW20O152800,PL0GO0029142
OW20R152000,PL0GO0030348
OW20R152100,PL0GO0030355
OW20R152200,PL0GO0030363
OW20R152300,PL0GO0030371
OW20R152400,PL0GO0030389
OW20R152500,PL0GO0030397
OW20R152600,PL0GO0030405
OW20R152700,PL0GO0030413
OW20R152800,PL0GO0030421
OW20R152900,PL0GO0030439
OW20U142000,PL0GO0025595
OW20U142050,PL0GO0030959
OW20U142100,PL0GO0025587
OW20U142150,PL0GO0030967
OW20U142200,PL0GO0025579
OW20U142250,PL0GO0030975
OW20U142300,PL0GO0025561
OW20U142350,PL0GO0030983
OW20U142400,PL0GO0025553
OW20U142450,PL0GO0030991
OW20U142500,PL0GO0025546
OW20U142550,PL0GO0031007
OW20U142600,PL0GO0025538
OW20U142650,PL0GO0031015
OW20U142700,PL0GO0025520
OW20U142750,PL0GO0031023
OW20U142800,PL0GO0025512
OW20U142850,PL0GO0031031
OW20U142900,PL0GO0025504
OW20U142950,PL0GO0031049
OW20U143000,PL0GO0025496
OW20X142000,PL0GO0028474
OW20X142100,PL0GO0028466
OW20X142200,PL0GO0028458
OW20X142300,PL0GO0028441
OW20X142400,PL0GO0028433
OW20X142500,PL0GO0028425
OW20X142600,PL0GO0028417
OW20X142700,PL0GO0028409
OW20X142800,PL0GO0028391
OW20X142900,PL0GO0028383
PAGED,PLPAGED00017
PAMAPOL,PLPMPOL00031
PANOVA,PLPANVA00013
PARTNER,PLPRNRH00010
PATENTUS,PLPTNTS00019
PBD0116,PLPLBRD00017
PBD0616,PLPLBRD00025
PBG,PLPBG0000029
PBOANIOLA,PLPBONL00013
PBS0523,PLPBS0000032
PBS0720,PLPBS0000016
PBS1021,PLPBS0000024
PBSFINANSE,PLBEFSN00010
PCB1015,PLUNSPC00013
PCCEXOL,PLPCCEX00010
PCCINTER,PLPCCIM00014
PCCROKITA,PLPCCRK00076
PCCROKITA-PDA,PLPCCRK00084
PCG0415,PLGUARD00076
PCGUARD,PLGUARD00019
PCM,PLPRMCM00048
PCR0416,PLPCCRK00043
PCR0419,PLPCCRK00068
PCR0517,PLPCCRK00050
PCR0615,PLPCCRK00035
PCR1014,PLPCCRK00027
PCZ,PLPCZ0000027
PCZ0117,PLPCZ0000084
PCZ0416,PLPCZ0000076
PCZ0615,PLPCZ0000043
PCZ0916,PLPCZ0000092
PCZ1015,PLPCZ0000068
PEGAS,LU0275164910
PEIXIN,NL0010577052
PEKAES,PLPEKAS00017
PEKAO,PLPEKAO00016
PELION,PLMEDCS00015
PEMUG,PLPEMUG00016
PEOH203,PLBPHHP00077
PEOH204,PLBPHHP00085
PEOH205,PLBPHHP00093
PEOH206,PLBPHHP00101
PEOH207,PLBPHHP00119
PEOH208,PLBPHHP00127
PEOH209,PLBPHHP00135
PEOH210,PLBPHHP00143
PEP,PLPLSEP00013
PEPEES,PLPEPES00018
PETROLINV,PLPTRLI00018
PFH,PLPLFHP00013
PFMEDICAL,PLGURDR00013
PGE,PLPGER000010
PGE0618,PLPGER000051
PGL1127,PL0024200012
PGNIG,PLPGNIG00014
PGODLEW,PLPGO0000014
PGSSOFT,PLSFTWR00015
PHARMENA,PLPHRMN00011
PHN,PLPHN0000014
PHOTON,NL0010391108
PIA0922,PL0026200010
PIK,PLPIK0000018
PILAB,PLPILAB00012
PIN0415,PLPRINW00034
PIN1014,PLPRINW00026
PIN1016,PLPRINW00042
PK11117,PLPKN0000125
PKN0418,PLPKN0000133
PKN0420,PLPKN0000141
PKN0517,PLPKN0000091
PKN0617,PLPKN0000109
PKN1117,PLPKN0000117
PKNORLEN,PLPKN0000018
PKO0119,XS1019818787
PKO1015,XS0545031642
PKOBL1,PLPKOCB00018
PKOBP,PLPKO0000016
PKOGS,PLPKOGB00019
PKOSO,PLPKOSO00017
PKPCARGO,PLPKPCR00011
PLANETSOF,PLPLNTS00016
PLASMA,PLPLSMS00010
PLASTBOX,PLPSTBX00016
PLASTPACK,PLPSTCM00017
PLATIGE,PLPTGMG00013
PLAYMAKER,PLPLMKR00019
PLAZACNTR,NL0000686772
PLF0814,PLBMMDC00030
PLG1216,PLPG00000017
PLZ0915,PL0006200014
PLZ0916,PL0006200022
PLZ0917,PL0006200030
PMS0624,PLPMBSZ00016
PND0116,PLPOLND00100
PND0217,PLPOLND00134
POA0117,PLPZSPV00017
POB0117,PLPZSPV00025
POINTGROUP,PLPEKPL00010
POLCOLORIT,PLPCLRT00029
POLFA,PLBMMDC00014
POLICE,PLZCPLC00036
POLIMEXMS,PLMSTSD00019
POLMAN,PLPOLMN00010
POLMED,PLPOLMD00011
POLNA,PLPOLNA00015
POLNORD,PLPOLND00019
POLTRONIC,PLPLTRN00018
POZBUD,PLPZBDT00013
PPG,PLPLPGR00010
PPG0914,PLPLPGR00085
PPRICE,PLPWRPR00014
PRAGMAFA,PLGFPRE00040
PRAGMAINK,PLPRGNK00017
PRC1215,PLPRCHK00133
PRE0814,PLPRESC00059
PRE0815,PLPRESC00067
PRE1117,PLPRESC00075
PREFABET,PLPRFBT00015
PREMETINV,PLLGLSR00013
PREMFOOD,PLPREMF00014
PRESCO,PLPRESC00018
PRESTO,PLPRSTO00011
PRF0115,PLGFPRE00073
PRF0315,PLGFPRE00081
PRF1214,PLGFPRE00065
PRIMAMODA,PLPRMMD00012
PROCAD,PLPRCAD00018
PROCHEM,PLPRCHM00014
PROCHNIK,PLPRCHK00018
PROGRES,PLPRGIN00011
PROJPRZEM,PLPROJP00018
PROLOG,PLPROLG00013
PROMISE,PLAPNPS00017
PROTEKTOR,PLLZPSK00019
PROVIDENT,GB00B1YKG049
PROXYAD,PLPRXAD00014
PRYMUS,PLPRMUS00013
PRZ0924,PL0022200014
PRZ1025,PL0022200022
PRZ1226,PL0022200030
PRZ1227,PL0022200048
PRZ1228,PL0022200055
PRZ1229,PL0022200063
PS0415,PL0000105953
PS0416,PL0000106340
PS0417,PL0000107058
PS0418,PL0000107314
PS0718,PL0000107595
PS0719,PL0000108148
PS1016,PL0000106795
PTI,PLPTIW000014
PTI0615,PLPTIW000030
PTI0714,PLPTIW000022
PTI1115,PLPTIW000048
PTWP,PLPTWP000015
PULAWY,PLZAPUL00057
PWRMEDIA,PLPWRMD00011
PYLON,PLPYLON00015
PZU,PLPZU0000011
QUANTUM,PLQNTUM00018
QUART,PLQRTDV00016
QUERCUS,PLQRCUS00012
QUMAK,PLQMKSK00017
RADPOL,PLRDPOL00010
RAFAKO,PLRAFAK00018
RAFAMET,PLRFMET00016
RAINBOW,PLRNBWT00031
RAJDY4X4,PLRAJDY00015
RANKPROGR,PLRNKPR00014
RAP0215,PLRAPRT00012
RAP0815,PLRAPRT00020
RAWLPLUG,PLKLNR000017
RBSGE0415,XS0566367735
RC6OGAOPEN,AT0000A0D3V1
RCAGRB10918,AT0000A11LX1
RCAT5AOPEN,AT0000473293
RCATXAOPEN,AT0000A04QX5
RCBESX10519,AT0000A17DY3
RCBIEAOPEN,AT0000A08Y21
RCBSLV10715,AT0000A15229
RCBTXAOPEN,AT0000A091Y1
RCBW2010115,AT0000A14CR6
RCBW2020115,AT0000A14CS4
RCCBNAOPEN,AT0000A03ER5
RCCCXAOPEN,AT0000A00M07
RCCECAOPEN,AT0000489034
RCCHCAOPEN,AT0000A03ES3
RCCIBAOPEN,AT0000A07N66
RCCINAOPEN,AT0000A06P81
RCCMCAOPEN,AT0000A07YR4
RCCOFAOPEN,AT0000A07911
RCCOGAOPEN,AT0000A03ET1
RCCORAOPEN,AT0000A05VN3
RCCPS10315,AT0000A11BF9
RCCRUAOPEN,AT0000489778
RCCTCAOPEN,AT0000A03EU9
RCCTXAOPEN,AT0000454186
RCDACAOPEN,AT0000A08ZD9
RCDAXAOPEN,AT0000A04QY3
RCDBHW11015,AT0000A14DE2
RCDBZW11015,AT0000A14DG7
RCDCPS10515,AT0000A12FB7
RCDECS11015,AT0000A14DH5
RCDGRAOPEN,AT0000A020V6
RCDIEAOPEN,AT0000A07929
RCDKGH10115,AT0000A12FC5
RCDKGH20115,AT0000A12FD3
RCDLTS11015,AT0000A14DJ1
RCDMBK11015,AT0000A14DF9
RCDOPL10115,AT0000A12FQ5
RCDOPL20115,AT0000A12FR3
RCDPGE10115,AT0000A12FE1
RCDPGN10115,AT0000A12FF8
RCDPKN10115,AT0000A12FG6
RCDPKN20115,AT0000A12FH4
RCDPKN30115,AT0000A12FJ0
RCDPKO10115,AT0000A12FK8
RCDPKO20115,AT0000A12FL6
RCDPZU10115,AT0000A12FM4
RCDPZU20115,AT0000A12FN2
RCDTPE10115,AT0000A12FP7
RCDTPE11015,AT0000A14DK9
RCDW2010115,AT0000A14DC6
RCDW2020115,AT0000A14DD4
RCENGAOPEN,AT0000A04CQ9
RCESXAOPEN,AT0000A04QZ0
RCFL2BAS,AT0000A12C96
RCFL2BMW,AT0000A12CC2
RCFL2DBK,AT0000A12CE8
RCFL2DTE,AT0000A12CF5
RCFL2ESX,AT0000A0WJF4
RCFL2GOLD,AT0000A0WJE7
RCFL2KGH,AT0000A12BK7
RCFL2MGN,AT0000A12CJ7
RCFL2OIL,AT0000A0WJC1
RCFL2OPL,AT0000A12BQ4
RCFL2PEO,AT0000A0Y085
RCFL2PGE,AT0000A12BM3
RCFL2PKN,AT0000A0Y0A6
RCFL2PKO,AT0000A0Y0C2
RCFL2PZU,AT0000A0Y0E8
RCFL2RDX,AT0000A12C62
RCFL2ROS,AT0000A12CK5
RCFL2RTX,AT0000A12C70
RCFL2SBN,AT0000A139Q4
RCFL2SIE,AT0000A12CP4
RCFL2SILVE,AT0000A0WJD9
RCFL2URK,AT0000A12CR0
RCFL2W20,AT0000A0WJB3
RCFL3BAS,AT0000A12CA6
RCFL3BMW,AT0000A12CB4
RCFL3DBK,AT0000A12CD0
RCFL3DTE,AT0000A12CG3
RCFL3FDX,AT0000A12C47
RCFL3GOLD,AT0000A0WJA5
RCFL3KGH,AT0000A12BJ9
RCFL3MGN,AT0000A12CH1
RCFL3OIL,AT0000A0WJH0
RCFL3OPL,AT0000A12BR2
RCFL3PEO,AT0000A0Y093
RCFL3PGE,AT0000A12BL5
RCFL3PKN,AT0000A0Y0B4
RCFL3PKO,AT0000A0Y0D0
RCFL3PZU,AT0000A0Y0F5
RCFL3RDX,AT0000A12C54
RCFL3ROS,AT0000A12CL3
RCFL3RTX,AT0000A12C88
RCFL3SBN,AT0000A139P6
RCFL3SIE,AT0000A12CQ2
RCFL3SILVE,AT0000A0WJJ6
RCFL3URK,AT0000A12CS8
RCFL3W20,AT0000A0WJG2
RCFL4ESX,AT0000A0WJ99
RCFODAOPEN,AT0000A08Y39
RCFS1CORN,AT0000A0WLR5
RCFS1GOLD,AT0000A0WLS3
RCFS1SILVE,AT0000A0WLT1
RCFS2BAS,AT0000A12CY6
RCFS2BMW,AT0000A12D12
RCFS2DBK,AT0000A12D38
RCFS2DTE,AT0000A12D53
RCFS2ESX,AT0000A0WJP3
RCFS2GOLD,AT0000A0WJN8
RCFS2KGH,AT0000A12BW2
RCFS2MGN,AT0000A12D79
RCFS2OIL,AT0000A0WJL2
RCFS2OPL,AT0000A12C21
RCFS2PEO,AT0000A0Y0M1
RCFS2PGE,AT0000A12BY8
RCFS2PKN,AT0000A0Y0N9
RCFS2PKO,AT0000A0Y0Q2
RCFS2PZU,AT0000A0Y0S8
RCFS2RDX,AT0000A12CV2
RCFS2ROS,AT0000A12D87
RCFS2RTX,AT0000A12CW0
RCFS2SBN,AT0000A139R2
RCFS2SIE,AT0000A12DD8
RCFS2SILVE,AT0000A0WJM0
RCFS2URK,AT0000A12DE6
RCFS2W20,AT0000A0WJQ1
RCFS3BAS,AT0000A12CZ3
RCFS3BMW,AT0000A12D04
RCFS3DBK,AT0000A12D20
RCFS3DTE,AT0000A12D46
RCFS3FDX,AT0000A12CT6
RCFS3GOLD,AT0000A0WJT5
RCFS3KGH,AT0000A12BX0
RCFS3MGN,AT0000A12D61
RCFS3OIL,AT0000A0WJR9
RCFS3OPL,AT0000A12C39
RCFS3PEO,AT0000A0Y0L3
RCFS3PGE,AT0000A12BZ5
RCFS3PKN,AT0000A0Y0P4
RCFS3PKO,AT0000A0Y0R0
RCFS3PZU,AT0000A0Y0T6
RCFS3RDX,AT0000A12CU4
RCFS3ROS,AT0000A12D95
RCFS3RTX,AT0000A12CX8
RCFS3SBN,AT0000A139S0
RCFS3SIE,AT0000A12DC0
RCFS3SILVE,AT0000A0WJS7
RCFS3URK,AT0000A12DF3
RCFS3W20,AT0000A0WJU3
RCFS4ESX,AT0000A0WJK4
RCGBSH10916,AT0000A15VQ5
RCGBSH11016,AT0000A16WN8
RCGBSH11116,AT0000A13JM4
RCGBSH11217,AT0000A13Y24
RCGBSH21116,AT0000A17CF4
RCGESX10119,AT0000A14JQ3
RCGGLD10517,AT0000A17HC0
RCGLDAOPEN,AT0000489398
RCGSDG10219,AT0000A15823
RCGSDG10319,AT0000A15U75
RCGSDG10419,AT0000A16WJ6
RCHTXAOPEN,AT0000454194
RCIB2AOPEN,AT0000A047X5
RCIDXB11018,AT0000A12820
RCIOBAOPEN,AT0000A04EB7
RCKAOAOPEN,AT0000A07903
RCKGH11214,AT0000A10LC7
RCKTXAOPEN,AT0000A06004
RCLCOAOPEN,AT0000A0CW62
RCLLCOOPEN,AT0000A0WLP9
RCLNAGOPEN,AT0000A0WLQ7
RCNAGAOPEN,AT0000A0CW70
RCNDXAOPEN,AT0000467071
RCNIKAOPEN,AT0000454269
RCNMBAOPEN,AT0000489406
RCOGSB0818,AT0000A114V7
RCOSBAOPEN,AT0000A088J8
RCPEO10215,AT0000A10W45
RCPGE10215,AT0000A10W52
RCPGN10315,AT0000A15QN2
RCPGN10415,AT0000A12XF1
RCPKN10315,AT0000A11BE2
RCPKO11214,AT0000A10LB9
RCPTXAOPEN,AT0000454178
RCRCKGH11114,AT0000A13RE4
RCRCPKO11214,AT0000A147W5
RCRDXAOPEN,AT0000481221
RCROGAOPEN,AT0000A0DE55
RCROXAOPEN,AT0000481403
RCRTMAOPEN,AT0000A09JH2
RCRTXAOPEN,AT0000A0A1K1
RCSABAOPEN,AT0000A05JE7
RCSAEAOPEN,AT0000A02YF0
RCSBIAOPEN,AT0000A038L9
RCSBOAOPEN,AT0000A05VR4
RCSCEAOPEN,AT0000A06QY8
RCSCPAOPEN,AT0000A09651
RCSCRAOPEN,AT0000A07SD6
RCSDAXOPEN,AT0000A0WH26
RCSDEAOPEN,AT0000A04KP4
RCSDGP0515,AT0000A10BN5
RCSDGP0717,AT0000A10R91
RCSDIAOPEN,AT0000A05DQ4
RCSETAOPEN,AT0000A00BF2
RCSFW2OPEN,AT0000A0LXH4
RCSILAOPEN,AT0000489380
RCSOJAOPEN,AT0000A05VQ6
RCSP5AOPEN,AT0000A07S87
RCSSBAOPEN,AT0000A04QB1
RCSSFAOPEN,AT0000A09644
RCSUGAOPEN,AT0000A07937
RCSWRAOPEN,AT0000A08ER4
RCTHYAOPEN,AT0000A0GW76
RCTLBHW001,AT0000A14DW4
RCTLBHW002,AT0000A14DX2
RCTLBZW001,AT0000A14E27
RCTLBZW002,AT0000A14E35
RCTLBZW003,AT0000A14E43
RCTLCORN01,AT0000A0WE52
RCTLCORN02,AT0000A0WE60
RCTLCPS001,AT0000A12EC8
RCTLCPS002,AT0000A12ED6
RCTLECS001,AT0000A14E50
RCTLECS002,AT0000A14E68
RCTLECS003,AT0000A14E76
RCTLGOLD04,AT0000A0WFF2
RCTLGOLD05,AT0000A0WFG0
RCTLGOLD06,AT0000A0WFH8
RCTLKAO001,AT0000A0XZF8
RCTLKAO002,AT0000A0XZG6
RCTLKAO003,AT0000A0XZH4
RCTLKGH002,AT0000A0RVV6
RCTLKGH006,AT0000A0WEA6
RCTLKGH017,AT0000A12EE4
RCTLKGH018,AT0000A12EF1
RCTLKGH019,AT0000A12EG9
RCTLLTS001,AT0000A14E84
RCTLLTS002,AT0000A14E92
RCTLLTS003,AT0000A14EA8
RCTLMBK001,AT0000A14DZ7
RCTLMBK002,AT0000A14E01
RCTLMBK003,AT0000A14E19
RCTLOIL001,AT0000A0WEB4
RCTLOIL002,AT0000A0WEC2
RCTLOIL003,AT0000A0WED0
RCTLOIL004,AT0000A0WEE8
RCTLOIL005,AT0000A0WEF5
RCTLOIL006,AT0000A0WEG3
RCTLOPL001,AT0000A12ET2
RCTLOPL002,AT0000A12EU0
RCTLOPL003,AT0000A12EV8
RCTLPEO001,AT0000A0RVS2
RCTLPEO002,AT0000A0RVT0
RCTLPEO004,AT0000A0WE29
RCTLPEO005,AT0000A0WE37
RCTLPEO006,AT0000A0WE45
RCTLPGE005,AT0000A0WEJ7
RCTLPGE009,AT0000A12EH7
RCTLPGE010,AT0000A12EJ3
RCTLPGN001,AT0000A0RVY0
RCTLPGN002,AT0000A0RVZ7
RCTLPGN004,AT0000A0WEK5
RCTLPGN005,AT0000A0WEL3
RCTLPGN006,AT0000A0WEM1
RCTLPGN009,AT0000A12EK1
RCTLPGN010,AT0000A12EL9
RCTLPKN001,AT0000A0RW08
RCTLPKN004,AT0000A0WEN9
RCTLPKN005,AT0000A0WEP4
RCTLPKN011,AT0000A12EM7
RCTLPKO001,AT0000A0RW24
RCTLPKO002,AT0000A0RW32
RCTLPKO004,AT0000A0WEQ2
RCTLPKO005,AT0000A0WER0
RCTLPKO008,AT0000A12EN5
RCTLPKO009,AT0000A12EP0
RCTLPZU001,AT0000A0RW40
RCTLPZU002,AT0000A0RW57
RCTLPZU004,AT0000A0WES8
RCTLPZU005,AT0000A0WET6
RCTLPZU006,AT0000A0WEU4
RCTLPZU011,AT0000A0XZP7
RCTLPZU012,AT0000A12EQ8
RCTLPZU013,AT0000A12ER6
RCTLSILV06,AT0000A0WFB1
RCTLSUG007,AT0000A0XZQ5
RCTLTPE006,AT0000A0WF02
RCTLTPE008,AT0000A14EC4
RCTLTPE009,AT0000A14ED2
RCTLTPE010,AT0000A12ES4
RCTLW20006,AT0000A0WDZ5
RCTLW20007,AT0000A0WE03
RCTLW20009,AT0000A14DS2
RCTLW20010,AT0000A14DT0
RCTLW20011,AT0000A14DU8
RCTLWIG001,AT0000A0RWA8
RCTLWIG002,AT0000A0RWB6
RCTLWIG003,AT0000A0RWC4
RCTSBHW001,AT0000A14EE0
RCTSBHW002,AT0000A14EF7
RCTSBHW003,AT0000A14EG5
RCTSBZW001,AT0000A14EL5
RCTSBZW002,AT0000A14EM3
RCTSBZW003,AT0000A14EN1
RCTSCORN04,AT0000A0WFP1
RCTSCORN05,AT0000A0WFQ9
RCTSCORN06,AT0000A0WFR7
RCTSCPS003,AT0000A12EW6
RCTSCPS004,AT0000A12EX4
RCTSECS001,AT0000A14EP6
RCTSECS002,AT0000A14EQ4
RCTSECS003,AT0000A14ER2
RCTSGOLD07,AT0000A0WGW5
RCTSGOLD08,AT0000A0WGX3
RCTSGOLD09,AT0000A0WGY1
RCTSGOLD10,AT0000A0WGZ8
RCTSGOLD11,AT0000A0WH00
RCTSGOLD12,AT0000A0WH18
RCTSKGH015,AT0000A0XGE1
RCTSKGH016,AT0000A0XGF8
RCTSKGH018,AT0000A0XZY9
RCTSKGH019,AT0000A0XZZ6
RCTSKGH020,AT0000A0Y002
RCTSKGH021,AT0000A12EY2
RCTSKGH022,AT0000A12EZ9
RCTSKGH023,AT0000A12F02
RCTSKGH024,AT0000A12F10
RCTSLTS001,AT0000A14ES0
RCTSLTS002,AT0000A14ET8
RCTSLTS003,AT0000A14EU6
RCTSMBK001,AT0000A14EH3
RCTSMBK002,AT0000A14EJ9
RCTSMBK003,AT0000A14EK7
RCTSOIL008,AT0000A0WFW7
RCTSOIL009,AT0000A0WFX5
RCTSOIL010,AT0000A0WFY3
RCTSOIL011,AT0000A0WFZ0
RCTSOIL012,AT0000A0WG01
RCTSOPL003,AT0000A0RWM3
RCTSOPL006,AT0000A0WGK0
RCTSOPL007,AT0000A0WGL8
RCTSOPL011,AT0000A0XGK8
RCTSOPL012,AT0000A0XGL6
RCTSOPL013,AT0000A0XGM4
RCTSPGE009,AT0000A12F28
RCTSPGN011,AT0000A12F36
RCTSPGN012,AT0000A12F44
RCTSPGN013,AT0000A12F51
RCTSPKN009,AT0000A0XGR3
RCTSPKN012,AT0000A12F69
RCTSPKN013,AT0000A12F77
RCTSPZU014,AT0000A12F85
RCTSPZU015,AT0000A12F93
RCTSSILV09,AT0000A0WGS3
RCTSSILV10,AT0000A0WGT1
RCTSSILV11,AT0000A0WGU9
RCTSSILV12,AT0000A0WGV7
RCTSSUG009,AT0000A0Y028
RCTSSUG010,AT0000A0Y036
RCTSSUGA04,AT0000A0WGD5
RCTSSUGA05,AT0000A0WGE3
RCTSSUGA06,AT0000A0WGF0
RCTSTPE009,AT0000A0WGJ2
RCTSTPE010,AT0000A14EW2
RCTSTPE011,AT0000A14EX0
RCTSW20013,AT0000A0XGT9
RCTSW20014,AT0000A0XGU7
RCTSWHT004,AT0000A0WGM6
RCTSWHT005,AT0000A0WGN4
RCTSWHT006,AT0000A0WGP9
RCTSWIG005,AT0000A0RWP6
RCTVBAOPEN,AT0000A061E6
RCTWW20001,AT0000A10550
RCTWW20002,AT0000A10G86
RCUKBAOPEN,AT0000A05CP8
RCUNION,PLRCUNN00010
RCW20AOPEN,AT0000A0LXG6
RCW20S0315,AT0000A0ZDT1
RCWBHWJ5130,AT0000A14BQ0
RCWBHWJ5160,AT0000A14BR8
RCWBHWJ5220,AT0000A14BS6
RCWBHWV5800,AT0000A14C78
RCWBZWJ5450,AT0000A14BW8
RCWBZWJ5550,AT0000A14BX6
RCWBZWJ5650,AT0000A14BY4
RCWBZWV5325,AT0000A14C94
RCWCPSA5220,AT0000A12DG1
RCWCPSA5260,AT0000A12DH9
RCWCPSM5160,AT0000A12DX6
RCWCPSM5200,AT0000A12DY4
RCWECSJ5600,AT0000A14BZ1
RCWECSJ5700,AT0000A14C03
RCWECSJ5900,AT0000A14C11
RCWECSV5400,AT0000A14CA2
RCWHTAOPEN,AT0000A05VT0
RCWKGHA5130,AT0000A12DJ5
RCWKGHA5150,AT0000A12DK3
RCWKGHM5100,AT0000A12DZ1
RCWKGHM5120,AT0000A12E03
RCWLTSJ5500,AT0000A14C29
RCWLTSJ5600,AT0000A14C37
RCWLTSJ5900,AT0000A14C45
RCWLTSV5300,AT0000A14CB0
RCWMBKJ5600,AT0000A14BT4
RCWMBKJ5750,AT0000A14BU2
RCWMBKJ5850,AT0000A14BV0
RCWMBKV5450,AT0000A14C86
RCWOPLA5120,AT0000A12DW8
RCWOPLA5900,AT0000A12DV0
RCWOPLG5110,AT0000A158D2
RCWOPLG5135,AT0000A158E0
RCWOPLM5600,AT0000A12EA2
RCWOPLM5700,AT0000A12EB0
RCWOPLS5700,AT0000A158N1
RCWOPLS5950,AT0000A158P6
RCWPEOG5190,AT0000A15898
RCWPEOG5240,AT0000A158A8
RCWPEOS5120,AT0000A158J9
RCWPEOS5170,AT0000A158K7
RCWPGEA5170,AT0000A12DL1
RCWPGEA5190,AT0000A12DM9
RCWPGEM5130,AT0000A12E11
RCWPGEM5150,AT0000A12E29
RCWPGNA5700,AT0000A12DN7
RCWPGNM5600,AT0000A12E37
RCWPKNA5460,AT0000A12DP2
RCWPKNA5500,AT0000A12DQ0
RCWPKNM5400,AT0000A12E45
RCWPKNM5440,AT0000A12E52
RCWPKOA5400,AT0000A12DR8
RCWPKOA5440,AT0000A12DS6
RCWPKOM5320,AT0000A12E60
RCWPKOM5360,AT0000A12E78
RCWPZUA5450,AT0000A12DT4
RCWPZUA5500,AT0000A12DU2
RCWPZUG5450,AT0000A158B6
RCWPZUG5530,AT0000A158C4
RCWPZUM5350,AT0000A12E86
RCWPZUM5400,AT0000A12E94
RCWPZUS5330,AT0000A158L5
RCWPZUS5410,AT0000A158M3
RCWW20A5190,AT0000A14BJ5
RCWW20A5210,AT0000A14BK3
RCWW20A5230,AT0000A14BL1
RCWW20A5250,AT0000A14BM9
RCWW20A5270,AT0000A14BN7
RCWW20A5290,AT0000A14BP2
RCWW20G5230,AT0000A15864
RCWW20G5250,AT0000A15872
RCWW20G5270,AT0000A15880
RCWW20M5210,AT0000A14C52
RCWW20M5250,AT0000A14C60
RCWW20S5190,AT0000A158F7
RCWW20S5210,AT0000A158G5
RCWW20S5230,AT0000A158H3
RCYKBAOPEN,AT0000A0GWC7
RDN0814,PLREDAN00068
READGENE,PLRADGN00014
REDAN,PLREDAN00019
REDWOOD,PLCMPLX00014
REGNON,PLPRNTC00017
REINHOLD,SE0001856519
RELPOL,PLRELPL00014
REM0115,PLREMDS00344
REM0714,PLREMDS00260
REM0814,PLREMDS00328
REM0914,PLREMDS00310
REM1214,PLREMDS00336
REMAK,PLREMAK00016
REMEDIS,PLREMDS00021
RESBUD,PLRESBD00016
RESPECT,PL9999999540
REVITUM,PLRVTUM00019
RNK0616,PLRNKPR00048
ROB0116,PLROBYG00107
ROB0218,PLROBYG00156
ROB0615,PLROBYG00081
ROB0616,PLROBYG00123
ROB1216,PLROBYG00149
ROBINSON,PLRBSNE00015
ROBYG,PLROBYG00016
ROCCA,PLROCCA00013
ROG0116,PLROBYG00115
ROG0218,PLROBYG00164
ROG0615,PLROBYG00099
RON0616,PLRNSER00045
RON0617,PLRNSER00037
RON0716,PLRNSER00052
RONSON,NL0006106007
ROPCZYCE,PLROPCE00017
ROTOPINO,PLMRKTC00010
ROVESE,PLCRSNT00011
ROVITA,PLRVITA00019
RSY,PLRSYSA00014
RUBICON,PLNFI0500012
RUCHCHORZ,PLRCHZW00012
RUNICOM,PLRUNCM00012
S4E,PLS4E0000015
SADOVAYA,LU0564351582
SAF1115,PLSAF0000019
SAKANA,PLSAKAN00010
SANOK,PLSTLSK00016
SANWIL,PLSANWL00012
SAPLING,PLSPLNG00013
SARE,PLSARE000013
SBK0923,PLKRBSP00025
SBK1020,PLKRBSP00017
SBR0325,PLSBRS000016
SBR0725,PLSBRS000024
SCANMEDMM,PLSCNMD00016
SCM1115,PLSCNMD00024
SCOPAK,PLSCOPK00012
SECOGROUP,PLWRWCK00013
SEKA,PLSEKA000010
SEKO,PLSEKO000014
SELENAFM,PLSELNA00010
SELVITA,PLSELVT00013
SERINUS,CA81752K1057
SESCOM,PLSESCM00013
SETANTA,PLSNTFG00017
SEVENET,PLSVNET00019
SFD,PLSFD0000013
SFINKS,PLSFNKS00011
SFK1215,PLSFKPL00029
SFKPOLKAP,PLSFKPL00011
SID1131,PL0021200080
SID1133,PL0021200130
SIE1123,PL0021200122
SIE1125,PL0021200015
SIE1126,PL0021200023
SIE1127,PL0021200031
SIE1128,PL0021200049
SIE1129,PL0021200056
SIE1130,PL0021200064
SIE1131,PL0021200072
SIE1132,PL0021200098
SIE1133,PL0021200106
SIE1134,PL0021200114
SILVACG,PLMWTNS00010
SILVANO,EE3100001751
SIMPLE,PLSIMPL00011
SITE,PLSITE000013
SKOK,PLTFSKK00015
SKOTAN,PLSKTAN00010
SKYLINE,PLSKLNW00011
SKYSTONE,PLNFI1000012
SLR,PLSCLZR00012
SMOKESHOP,PLSMOKS00015
SMSKREDYT,PLSMSKH00019
SMT,PLADVPL00029
SMT1114,PLADVPL00037
SNIEZKA,PLSNZKA00033
SOBIESKI,FR0000060873
SOLAR,PLSLRCP00021
SONEL,PLSONEL00011
SOPHARMA,BG11SOSOBT18
SPC,PLSPRPC00014
SRNFIZ,PLSKRNR00018
STALEXP,PLSTLEX00019
STALPROD,PLSTLPD00017
STALPROFI,PLSTLPF00012
STANDREW,PLSTNDR00019
STANUSCH,PLSTNTH00016
STAPORKOW,PLSTPRK00019
STARFIT,PLSTRFT00011
STEMCELLS,PLSTCLS00013
STOPKLA,PLSTPKL00012
SUNEX,PLSUNEX00013
SUNTECH,PLSNTCH00012
SURFLAND,PLSFLND00011
SUWARY,PLSUWAR00014
SWISSMED,PLSWMED00013
SWISSPSM,PLSWSMD00013
SYGNITY,PLCMPLD00016
SYMBIO,PLSMBI000013
SYNEKTIK,PLSNKTK00019
SYNKRET,PLSNKRT00014
SYNTHOS,PLDWORY00019
SZAR,PLSZAR000018
T2INVEST,PLTCHPR00019
TABLEO,PLTABLO00012
TALANX,DE000TLX1005
TALEX,PLTALEX00017
TAMEX,PLTAMEX00015
TARCZYNSKI,PLTRCZN00016
TATRY,SK1120010287
TAURONPE,PLTAURN00011
TAXNET,PLTAXNT00011
TAXUSFUND,PLTXSFN00012
TCZ0817,PL0008200053
TCZ0914,PL0008200020
TCZ0915,PL0008200038
TCZ0916,PL0008200046
TECHMADEX,PLTHMDX00012
TELEMEDPL,PLTLMDC00018
TELEPOLSKA,PLTHP0000011
TELEPOLSKA-PDA,PLTHP0000045
TELESTO,PLTELST00017
TELESTR,PLTLSTD00019
TELGAM,PLPTLTG00018
TELIANI,PLTLVPL00014
TELL,PLTELL000023
TERESA,PLPTMED00015
TERMOEXP,PLTRMEX00019
TERMOREX,PLTRMRX00011
TERRA,PLTERRA00016
TESGAS,PLTSGS000019
TFONE,PLTFONE00011
TILIA,PLTILIA00019
TIM,PLTIM0000016
TOYA,PLTOYA000011
TPILKA,PLTLPKA00010
TRAKCJA,PLTRKPL00014
TRANSPOL,PLTRNSP00013
TRAVELPL,PLTRVPL00011
TRICEPS,PLTRCPS00016
TRIGONPP,PLTPPFZ00018
TRITON,PLASMOT00030
TRJ1215,PLTRKPL00089
TRK1215,PLTRKPL00063
TRU1214,PLTRUST00028
TUR0916,PL0004200016
TVN,PLTVN0000017
TWIGONET,CZ0008467842
TZ0215,PL0000106894
TZ0814,PL0000106662
TZ1114,PL0000106787
UBOATLINE,PLUBTLN00012
UBT0415,PLUBTLN00038
UBT0914,PLUBTLN00020
UBT0915,PLUBTLN00046
UCBLXAOPEN,PLHVB0000017
UCCROINDOE,DE000HV5CR81
UCHTXINDOE,DE000HV5CSE4
UCKTXAOPEN,PLHVB0000025
UCNIKKEIOE,DE000HV5CR40
UCPFTAOPEN,PLHVB0000033
UCRDXAOPEN,PLHVB0000066
UCROXAOPEN,PLHVB0000041
UCSCSMALOE,DE000HV5CSU0
UCSOFIXOE,DE000HV5CSX4
UCSOXAOPEN,PLHVB0000058
UCSP40OE,DE000HV5CSZ9
UCW20AOPEN,PLHVB0000074
UCWIG20OE,DE000HV5CSY2
UCXUO30IOE,DE000HV5CR65
ULMA,PLBAUMA00017
UNI0515,PLUNBEP00049
UNI0516,PLUNBEP00056
UNIBEP,PLUNBEP00015
UNICREDIT,IT0004781412
UNIMA,PLUNMST00014
UNIMOTGAZ,PLUNMOT00013
UNISYS1AB,PLUNSYS00011
UNITED,PLSTCKI00016
URSUS,PLPMWRM00012
USM0315,PL0011200058
VAKOMTEK,PLVKMTK00015
VANTAGE,PLVTGDL00010
VARIANT,PLVARNT00019
VCP,PLVNTCP00019
VDM0217,PLVCTDM00017
VEDIA,PLVEDIA00011
VELTO,PLVELTO00012
VENITI,PLVENIT00010
VENO,PLVENO000016
VENTUREIN,PLVNTIN00011
VERBICOM,PLVRBCM00015
VGROUP,PLVGRP000019
VIATRON,PLVTRON00010
VIDIS,PLVIDIS00014
VIG0115,PLVIG0000014
VIG0515,PLVIG0000022
VIN1116,PLVNDEX00039
VINDEXUS,PLVNDEX00013
VISION,PLVRTLV00019
VISTAL,PLVTLGD00010
VISTULA,PLVSTLA00011
VIVID,PLVVDGM00014
VNT0316,PLVENIT00036
VOTUM,PLVOTUM00016
VOX0615,PLVOXEL00030
VOX0716,PLVOXEL00048
VOXEL,PLVOXEL00014
VTG0816,PLVTGDL00036
WAB1027,PL0020200040
WADEX,PLWADEX00018
WAKEPARK,PLWKPRK00010
WAL0925,PL0020200032
WAL1025,PL0020200016
WAL1027,PL0020200024
WANDALEX,PLWNDLX00024
WARIMPEX,AT0000827209
WASKO,PLHOGA000041
WAW0318,PL0003200074
WAW0321,PL0003200066
WAW0922,PL0003200025
WAW1017,PL0003200041
WAW1019,PL0003200017
WAWEL,PLWAWEL00013
WBAY,PLWLTHB00010
WBS0521,PLWAWBS00014
WCL1220,PL0018200028
WCL1225,PL0018200010
WDB0915,PLWDBBU00034
WDBBU,PLWDBBU00018
WEEDO,PLWEEDO00019
WEGLOPEX,PLPNTCR00017
WERTHHOLZ,PLWRTHL00016
WESTAISIC,LU0627170920
WESTREAL,PLWREST00018
WHH1214,PLWRTHL00024
WIELTON,PLWELTN00012
WIERZYCL,PLWRZCL00014
WIG,PL9999999995
WIG20,PL9999999987
WIG20lev,PL9999999532
WIG20short,PL9999999524
WIG20TR,PL9999999425
WIG250,PL9999999326
WIG30,PL9999999375
WIG30lev,PL9999999342
WIG30short,PL9999999359
WIG30TR,PL9999999367
WIG50,PL9999999334
WIG-BANKI,PL9999999904
WIG-BUDOW,PL9999999896
WIG-CEE,PL9999999433
WIG-CHEMIA,PL9999999847
WIG-DEWEL,PL9999999706
WIGdiv,PL9999999482
WIG-ENERG,PL9999999516
WIG-INFO,PL9999999771
WIG-MEDIA,PL9999999755
WIG-PALIWA,PL9999999722
WIG-Poland,PL9999999599
WIG-SPOZYW,PL9999999888
WIG-SUROWC,PL9999999466
WIG-TELKOM,PL9999999870
WIG-Ukrain,PL9999999458
WIKANA,PLELPO000016
WILBO,PLWILBO00019
WINDMOBIL,PLWNDMB00010
WINVEST,PLARIEL00046
WISTIL,PLWSTIL00012
WLD0516,PLWDRZW00035
WLO0516,PLWDRZW00043
WLO1214,PLWDRZW00027
WMO0317,PLWNDMB00028
WODKAN,PLWDKAN00016
WOJAS,PLWOJAS00014
WORKSERV,PLWRKSR00019
WRA1116,PLWRTSB00022
WS0428,PL0000107611
WS0429,PL0000105391
WS0437,PL0000104857
WS0922,PL0000102646
WSE1016,PLWRKSR00050
WXB0316,PLWRMFB00016
WZ0115,PL0000106480
WZ0117,PL0000106936
WZ0118,PL0000104717
WZ0119,PL0000107603
WZ0121,PL0000106068
WZ0124,PL0000107454
WZR1115,PLWZRTE00013
XPLUS,PLXPLUS00013
XSYSTEM,PLXSTEM00017
YAWAL,PLYAWAL00058
YELLOWHAT,PLYLWHT00012
YOURIMAGE,PLYORIM00019
YURECO,PLYUREC00016
ZAB0715,PL0007200021
ZAB0916,PL0007200039
ZAMET,PLZAMET00010
ZASTAL,PLZSTAL00012
ZEPAK,PLZEPAK00012
ZETKAMA,PLZTKMA00017
ZPS1214,PLZPS0000023
ZPUE,PLZPUE000012
ZREMB,PLZBMZC00019
ZST0215,PLZSTAL00020
ZUE,PLZUE0000015
ZWG,PLZWG0000016
ZYWIEC,PLZYWIC00016
